story,sentiment,keywords,category
How AI is replacing data analysts,POSITIVE,AI|data analysts|replacement,AI & Machine Learning
Show HN: Sreeducation – Cloud Learning Experience in 3D,POSITIVE,Sreeducation|cloud learning experience|3D,Digital Culture & Internet Trends
Alien Wizbot Crypto Recovery,POSITIVE,Alien Wizbot|crypto recovery|blockchain|cryptocurrency,Cryptocurrency & Blockchain
37C3's iPhone 15: Under the C [video],NEUTRAL,iPhone 15|37C3|cybersecurity,Hardware & Gadgets
Ask HN: Are you seeing AI used in places where it shouldn't be?,NEUTRAL,AI|machine learning|application|usage|ethical,AI & Machine Learning
Mission Control – Jobs,POSITIVE,Steve Jobs|Apple|innovation,Digital Culture & Internet Trends
HeLa: Oldest Immortal Cell Line,NEUTRAL,HeLa cell line|immortal cell line|cell culture|science,Science & Space
Ask HN: What do I do about boredom?,NEUTRAL,boredom|hackers|solutions,Productivity & Tools
Global climate spending reached $1.3T per year in '21/'22; nearly double '19/'20,POSITIVE,climate spending|global climate|double|increase,Technology Updates
How Does a "Reverse Sprinkler" Work?,NEUTRAL,reverse sprinkler|water conservation|irrigation system,Technology Updates
UN: To preserve a livable planet; temp rise can't exceed 1.5C above 1800s levels,POSITIVE,climate change|global warming|UN|temperature rise,Science & Space
Cognition in brainless organisms is redefining what it means to learn,POSITIVE,cognition|brainless|organisms|learning,Science & Space
State of React Native 2023 – Survey Results,POSITIVE,React Native|survey|results|2023,Programming & Development
Pedestrian Simulator 2024,NEUTRAL,pedestrian simulator|2024,Other
Pathom 3: A Library for Navigating Data,POSITIVE,Pathom|library|data navigation,Programming & Development
One Glass of Wine or Beer Daily May Cause Brain to Shrink (2022),NEGATIVE,wine|beer|brain shrinkage,Health & Wellness
Buggy software is dogging the switch to electric cars,NEGATIVE,buggy software|electric cars|switch,Cybersecurity & Hacking
"Leaky Vessels" Docker Container Breakout Vulnerability,NEGATIVE,Docker|container|breakout|vulnerability|security,Cybersecurity & Hacking
Emboxified by the Wrong Kind of Button,NEGATIVE,button|emails|hacking|security,Cybersecurity & Hacking
The Hedgehog and the Fox (1953) [pdf],NEUTRAL,The Hedgehog and the Fox|PDF,Other
Spikes,POSITIVE,AI|machine learning|spikes,Artificial Intelligence & Machine Learning
The Burial of William the Conqueror: A Comedy of Errors,NEUTRAL,William the Conqueror|burial,History
What is the best approach in making a website in 2024?,POSITIVE,website|development|design|technology|trends,Programming & Development
Circular Reference Attributed Grammars (2004) [pdf],NEUTRAL,grammars|attributed|circular reference,Programming & Development
I Moved My Blog from IPFS to a Server,NEUTRAL,blog|IPFS|server,Other
Tomorrow Belongs to the Spiritual Cyborg,NEUTRAL,spiritual cyborg|technology|future,Other
Conformal Prediction Sets Improve Human Decision Making,POSITIVE,conformal prediction sets|human decision making|improvement,AI & Machine Learning
X suspended 12M accounts in 2023 for violating CSE policies; up from 2.3M,POSITIVE,X|suspension|accounts|CSE policies,Cybersecurity & Hacking
Ask HN: Advice for turning my side project into a real business,POSITIVE,side project|business|startup|entrepreneurship,Startups & Entrepreneurship
Allchemy – infinite AI-powered alchemy game,POSITIVE,AI|alchemy|game,Programming & Development
Audacy Plans to Cut 25% of Staff in Podcast Division,NEGATIVE,Audacy|podcast division|staff cuts,Cybersecurity & Hacking
Managing State with VDOM,POSITIVE,VDOM|state management,Programming & Development
Japan gives up on 1.44MB floppy disks; 50 years after they went on sale,NEUTRAL,floppy disk|Japan|technology|obsolescence,Technology Updates
Fighting Infomania: Why 80% of Your Reading Is a Waste of Time,NEUTRAL,reading|information overload|productivity|time management,Productivity & Tools
Starlink's Laser System Is Beaming 42M GB of Data per Day,POSITIVE,SpaceX|Starlink|Laser system|data transmission,Technology Updates
Peugeot adding ChatGPT AI to cars; revealing new three-row SUV soon – CarExpert,POSITIVE,ChatGPT|AI|Peugeot|cars|SUV,AI & Machine Learning
Show HN: Multimodal AI Dataset for Training Python AI Coding Copilots,POSITIVE,Multimodal AI dataset|Python AI coding copilots|training,AI & Machine Learning
Certificate of Need,NEUTRAL,Certificate of Need|healthcare,Regulation & Governance
David Mills; the internet's 'father time;' dies at 85,NEUTRAL,David Mills|internet|father time,Digital Culture & Internet Trends
25 Patterns for High Performance Software (Part 1),POSITIVE,software patterns|high performance|programming,Programming & Development
Affordable; Sustainable Solution for Flat-Panel Displays and Wearable Tech,POSITIVE,affordable|sustainable|solution|flat-panel displays|wearable tech,Productivity & Tools
CivitAI Generation Params Scraper!,POSITIVE,CivitAI|scraping,Programming & Development
How to Use Tela for Consulting,POSITIVE,Tela|consulting|AI|machine learning,Programming & Development
HSBC fined £57.4M for customer deposit protection failings,NEGATIVE,HSBC|fine|customer deposit protection|failings,Regulation & Compliance
Building a GUI platform – Action-State using Zig and raylib,POSITIVE,Zig|raylib|GUI platform|action-state,Programming & Development
Artificial Intelligence is a total misnomer (2015),NEGATIVE,artificial intelligence|total misnomer|2015,Other
Facebook's ad targeting gets help from other companies,NEUTRAL,Facebook|ad targeting|other companies,Technology Updates
Heptapod 1.0 and a Roadmap for 2024,POSITIVE,heptapod|1.0|roadmap|2024,Productivity & Tools
Show HN: Mlinfra – Your Gateway to Hassle-Free ML Infrastructure Deployment,POSITIVE,Mlinfra|ML infrastructure|deployment|hassle-free,Startups & Entrepreneurship
Show HN: Some blind hackers are bridging IRC to LMMs running locally,POSITIVE,blind hackers|IRC|LMMs|local machine learning,AI & Machine Learning
Help Us Reach Our Goal of 24 Solid State Drive Sets,POSITIVE,Solid State Drive|goal|reach,Startups & Entrepreneurship
It will be possible to install extensions in Edge for Android,POSITIVE,Edge|Android|extensions|install,Programming & Development
'You have blood on your hands'; US senator tells Zuckerberg [video],NEGATIVE,Zuckerberg|Facebook|blood|hands,Cybersecurity & Hacking
The iPhone's Funny Price (2007),NEUTRAL,iPhone|price|2007,Other
Ask HN: Is YouTube Down?,NEUTRAL,YouTube|down,Technology Updates
Flow of Time: Reality or Illusion?,NEUTRAL,time|flow|reality|illusion,Philosophy & Ethics
Roblox is giving creators 100% of their revenue from some developer assets,POSITIVE,Roblox|creators|revenue|developer assets,Startups & Entrepreneurship
Finland's 'DJ' candidate hopes to become country's first Green and gay president,POSITIVE,Finland|Green party|gay rights|presidential candidate,Digital Culture & Internet Trends
'Old smokers' and 'squalling newborns' among hidden stars spotted for first time,POSITIVE,hidden stars|old smokers|squalling newborns,Astronomy & Space
How Big Tech Makes the U.S. a Spying Superpower,NEGATIVE,Big Tech|spying|surveillance|privacy|security,Cybersecurity & Hacking
The politics of Section 230 reform: learning from FOSTA's mistakes,NEUTRAL,Section 230|FOSTA|politics|reform,Legal & Regulatory
Neuralink implanted a device in its first human,POSITIVE,Neuralink|device|human,AI & Machine Learning
Mutative 1.0 – A New Era in Efficient Immutable Updates,POSITIVE,mutative|immutable|updates|efficiency|performance,Programming & Development
Show HN: GrowLab AI's 'Grow Together' – Referral System for Passive Income in AI,POSITIVE,GrowLab AI|Grow Together|referral system|passive income|AI,Startups & Entrepreneurship
SnooRoartracker,POSITIVE,SnooRoartracker|artificial intelligence|machine learning|music,AI & Machine Learning
Wikipedian Osama Khalid celebrated his 30th birthday in jail,NEGATIVE,Osama Khalid|Wikipedia|jail|birthday,Cybersecurity & Hacking
Scientists Destroy Illusion That Coin Toss Flips Are 50–50,POSITIVE,coin toss|50-50|illusion|science,Science & Space
Ask HN: How to learn to solve problems using AI?,NEUTRAL,AI|problem solving|learning,Programming & Development
Superhuman artificial intelligence can improve human decision-making by incr...,POSITIVE,artificial intelligence|Superhuman|decision-making,AI & Machine Learning
AI is changing search; for better or worse,NEUTRAL,AI|search|algorithm|google,Technology Updates
A ghostly shipwreck has emerged in Newfoundland,NEUTRAL,shipwreck|ghostly,Other
Exploring OCR Capabilities of GPT-4V,POSITIVE,GPT-4V|Optical Character Recognition|OCR|text recognition|AI,AI & Machine Learning
Metronome raises 43M for usage-based billing,POSITIVE,Metronome|usage-based billing|43M raise,Startups & Entrepreneurship
Leaked GitHub Token Exposed Mercedes Source Code,NEGATIVE,Mercedes|GitHub|token|source code,Cybersecurity & Hacking
Inferring Private Personal Attributes of VR Users from Head and Hand Motion Data,POSITIVE,inference|privacy|virtual reality|head motion data|hand motion data,AI & Machine Learning
Consider the Vulture,NEUTRAL,vulture|AI,Other
Fla. Man Charged in SIM-Swapping Spree Is Key Suspect,NEGATIVE,SIM-swapping|cybersecurity|hacking|crime,Cybersecurity & Hacking
Mistral CEO confirms 'leak' of new open source AI model nearing GPT4 performance,POSITIVE,Mistral|AI model|open source|GPT4|performance,AI & Machine Learning
Hack of PJ&A tops 2023 US healthcare data breaches as tally jumps by 4M,NEGATIVE,PJ&A|healthcare data breach|tally jump,Cybersecurity & Hacking
Proton releases Beta version of Proton Mail desktop app,POSITIVE,ProtonMail|beta version|desktop app,Programming & Development
One of two new high-severity bugs in Ivanti exploited in the wild,NEGATIVE,Ivanti|bugs|high-severity|exploited|wild,Cybersecurity & Hacking
Could AMD break Nvidia's chokehold on chips?,NEUTRAL,AMD|Nvidia|chips,Hardware & Gadgets
Xenobots,POSITIVE,xenobot|biotechnology|science|technology,Science & Space
From Ephemeral to Everlasting: Understanding Container Volumes,NEUTRAL,container volumes|ephemeral storage|everlasting storage,Programming & Development
In Praise of Buttons,POSITIVE,buttons|user experience|design,Productivity & Tools
Programming the Kernel with eBPF,POSITIVE,ebpf|kernel|programming|Linux,Programming & Development
Si Units for Request Rate,POSITIVE,Si Units|request rate|machine learning,AI & Machine Learning
Who Controls Your Thoughts?,NEUTRAL,thoughts|control|mental health|AI|machine learning,Digital Culture & Internet Trends
Two-day hands-on RAG Bootcamp for developers,POSITIVE,rag|bootcamp|developers|hands-on|training,Programming & Development
Using AI to Decode Animal Communication with Aza Raskin [video],POSITIVE,AI|animal communication|decode|Aza Raskin,AI & Machine Learning
Zuckerberg; Linda Yaccarino among tech CEOs grilled for failing to protect kids,NEGATIVE,Mark Zuckerberg|Linda Yaccarino|tech CEOs|protect kids,Cybersecurity & Hacking
eBay agreed pay $59M over claims it sold equipment to manufacture illegal drugs,NEGATIVE,ebay|illegal drugs|manufacturing,Cybersecurity & Hacking
Scientists develop an agent capable of inhibiting the body's stress response,POSITIVE,stress|response|body|agent,Health & Medicine
The Facts About Electronic Surveillance Reform,NEUTRAL,electronic surveillance|reform|surveillance reform act|NSA|FBI|privacy|security,Cybersecurity & Hacking
Vitamin D status in post-medieval Northern England,NEUTRAL,Vitamin D|status|post-medieval|Northern England,Science & Space
Deconstructing the Database (2012) [video],NEUTRAL,database|deconstruction|video,Programming & Development
Getting beyond the BS of leadership literature,NEUTRAL,leadership literature|BS|nonsense,Productivity & Tools
Give AI curiosity; and it will watch TV forever (2018),POSITIVE,AI|curiosity|TV,Digital Culture & Internet Trends
2024 Answers for AWS survey is live,POSITIVE,AWS|survey|live,Technology Updates
Fed Holds Rates Steady and Inches Closer to Cutting in Future,NEUTRAL,Federal Reserve|interest rates|monetary policy,Economy & Finance
Disney trips are so complicated now that you need a class to plan one,NEGATIVE,Disney|trips|complicated|class,Travel & Leisure
Graphic Visualizations Index,POSITIVE,graphic visualizations|index|AI|machine learning,Programming & Development
Working with ChatGPT Functions on Heroku,POSITIVE,ChatGPT|Heroku,Programming & Development
Palworld Becomes the Biggest 3rd Party Game Pass Launch,POSITIVE,Palworld|game pass|launch,Startups & Entrepreneurship
US has highest syphilis numbers since 1950,NEGATIVE,syphilis|numbers|highest|since|1950,Health & Medicine
Show HN: Samsung NVMe Developers AMA,POSITIVE,Samsung|NVMe|Developers|AMA,Programming & Development
Testing a Language-Using Parrot for Telepathy,POSITIVE,parrot|language|telepathy,Digital Culture & Internet Trends
Interview with Bridgy Fed dev; who connects different federated protocols,POSITIVE,Bridgy Fed|federated protocols,Programming & Development
6502 Instructions (2022),POSITIVE,6502 instructions|retrocomputing|computer history|tech nostalgia,Digital Culture & Internet Trends
Arctic Adventure: A Lost 1981 TRS-80 Adventure Game,NEUTRAL,TRS-80|Adventure game|Lost|1981,Other
Investment management is quietly being disrupted,NEUTRAL,investment management|disruption|fintech,Other
PlayerFinder – Unite; Play; Win: The Ultimate LFG App,POSITIVE,PlayerFinder|LFG|app|gaming,Digital Culture & Internet Trends
eBay will pay $59M to settle DOJ suit over pill press machine sales,NEUTRAL,ebay|pill press machine|settlement|department of justice,Legal & Regulatory
Zuckerberg says sorry for Meta harming kids–but rejects payments to families,NEGATIVE,Mark Zuckerberg|Meta|Facebook|harming children|payments to families,Cybersecurity & Hacking
What Is "Aaron's",NEUTRAL,Aaron's|company,Startups & Entrepreneurship
In the Shadow of Silicon Valley: Losing San Francisco,NEUTRAL,San Francisco|Silicon Valley|tech industry|startups|innovation,Startups & Entrepreneurship
Meta CEO Mark Zuckerberg apologizes to families of children harmed online,NEGATIVE,Mark Zuckerberg|apology|children|harm,Cybersecurity & Hacking
Phantom Types,POSITIVE,Phantom Types|company named Phantom|new product|AI-powered|typing experience,Programming & Development
Show HN: Watch Life – A compact "analog" watch in Conway's Game of Life,POSITIVE,watch|Life|Conway's Game of Life,Hardware & Gadgets
Cursorless: A spoken language for editing code (2023) [video],POSITIVE,Cursorless|spoken language|editing code|video,Programming & Development
Nintendo CEO's refusal to layoff staff goes viral following industry-wide cuts,POSITIVE,Nintendo|CEO|refusal|staff|layoffs|viral,Digital Culture & Internet Trends
How's the Current Job Market for Data Engineers; and What's the Future Outlook?,NEUTRAL,data engineers|job market|future outlook,Career & Jobs
Ask HN: Does Microsoft Teams work in Firefox for you?,NEUTRAL,Microsoft Teams|Firefox,Programming & Development
Genes and heart disease: making the link,POSITIVE,genetics|heart disease|gene therapy,Science & Space
A US scientist has brewed up a storm by suggesting salt should be added to tea,NEUTRAL,salt|tea|scientist|storm,Digital Culture & Internet Trends
Apple Needs a Flop,NEGATIVE,Apple|flop|failure,Cybersecurity & Hacking
Reading Like a Roman,NEUTRAL,reading|Roman|literacy|education,Productivity & Tools
Uses This / Xe Iaso,POSITIVE,Xe Iaso|uses this,Productivity & Tools
FBI disrupts Chinese botnet by wiping malware from infected routers,POSITIVE,FBI|botnet|malware|infected routers|Chinese,Cybersecurity & Hacking
I snuck into a cybersecurity conference with fake credentials,NEGATIVE,cybersecurity|conference|fake credentials,Cybersecurity & Hacking
Building AI guardrails should be part of the process,POSITIVE,AI|guardrails|process,AI & Machine Learning
Build a Live Dashboard of Your GitHub Repo's Issues in 30 Minutes,POSITIVE,GitHub|issues|dashboard|repo|programming,Programming & Development
2024 iPhone shipments likely to decline significantly by about 15% YoY,NEGATIVE,iPhone|shipments|decline|significantly|15%,Technology Updates
Ask HN: Early Amazon Culture?,POSITIVE,Amazon|culture|early days,Other
Multi-bitrate JPEG compression perceptual evaluation dataset 2023,NEUTRAL,JPEG|compression|perceptual evaluation|dataset|2023,Technology Updates
Show HN: Stanchion – Column-oriented tables in SQLite,POSITIVE,Stanchion|SQLite|column-oriented tables,Programming & Development
The Insane Innovation of TI Calculator Hobbyists,POSITIVE,TI calculator|hobbyists|innovation|calculus|mathematics,Programming & Development
ABC Problem,POSITIVE,ABC problem|solution|innovation,Startups & Entrepreneurship
Exploration Strategies in Deep Reinforcement Learning (2020),POSITIVE,deep reinforcement learning|exploration strategies|reinforcement learning|neural networks,AI & Machine Learning
Western diets can accelerate cell aging,NEGATIVE,western diets|cell aging|aging,Health & Fitness
Missing signs: how several brands forgot to secure a key piece of Android,NEGATIVE,Missing signs|brands|Android|security,Cybersecurity & Hacking
Universal Music; TikTok fail to reach new licensing agreement,NEGATIVE,Universal Music|TikTok|licensing agreement,Cybersecurity & Hacking
Biogen Abandons Its Controversial Alzheimer's Drug Aduhelm,NEGATIVE,Biogen|Aduhelm|Alzheimer's disease|drug trial|controversy,Health & Medicine
Postgres Extension Ecosystem: Jobs and Tools,POSITIVE,Postgres|Extension|Ecosystem|Jobs|Tools,Programming & Development
Oracle is hiring two new teams to build its cloud faster and stronger,POSITIVE,Oracle|hiring|new teams|cloud computing|speed,Startups & Entrepreneurship
Instrument and trace applications with the OpenTelemetry collector,POSITIVE,OpenTelemetry|collector|instrumentation|traceability,Programming & Development
The Great Decline,NEGATIVE,decline|tech industry|job loss,Cybersecurity & Hacking
Essentials of Metaheuristics,POSITIVE,metaheuristics|essentials|programming,Programming & Development
Aptiv to cut stake in robotaxi tech firm Motional; stop funding,NEGATIVE,Aptiv|Motional|robotaxi|technology,Startups & Entrepreneurship
Evolution of UNC4990: Uncovering USB Malware's Hidden Depths,NEGATIVE,USB|malware|hidden depths|UNC4990,Cybersecurity & Hacking
Banks can capitalize on the shift to employee-owned businesses,POSITIVE,employee-owned businesses|banks|capitalization,Startups & Entrepreneurship
The Poet of Logic Programming (2020),POSITIVE,logical programming|poetry|creativity|AI,Digital Culture & Internet Trends
Unique Identification of 50k+ Virtual Reality Users w Head and Hand Motion Data,POSITIVE,virtual reality|users|identification|head motion data|hand motion data,Programming & Development
Boeing was once known for safety; engineering. Emphasis on profits changed that,NEGATIVE,Boeing|safety|engineering|profits,Cybersecurity & Hacking
FTX Expects to Repay Customers in Full; Drops Exchange Relaunch,POSITIVE,FTX|customers|repayment|exchange,Other
Google's first Africa cloud region is now operational,POSITIVE,Google|Africa|cloud region|operational,Technology Updates
Building an early warning system for LLM-aided biological threat creation,POSITIVE,biological threat|LLM-aided|early warning system|AI|machine learning,AI & Machine Learning
Joke Papers on ArXiv,POSITIVE,ArXiv|jokes|humor,Digital Culture & Internet Trends
Cloud-Optimized Geospatial Formats Guide,POSITIVE,cloud-optimized|geospatial|formats,Programming & Development
Sled Theoretical Performance Guide,POSITIVE,sled|performance|guide,Programming & Development
Ask HN: Could vast amounts of attck vectors be mitigated by moving off MS?,NEUTRAL,attack vectors|moving off Microsoft,Cybersecurity & Hacking
Q&A with Prof. Erik Brynjolfsson: GenAI productivity; J-curve; Turing trap; etc.,POSITIVE,GenAI|productivity|J-curve|Turing trap,AI & Machine Learning
Amid Recall Crisis; Philips Agrees to Stop Selling Sleep Apnea Machines in USA,NEGATIVE,Philips|sleep apnea machines|recall crisis,Cybersecurity & Hacking
San Francisco's DC Grid (2012),NEUTRAL,DC Grid|San Francisco,City & Urban Planning
Ask HN: UK bank that provides an API for bank transfers,POSITIVE,bank transfers|API|UK bank,Programming & Development
The Founder's Paradox: Walking Fast; Earning Less; Dreaming of Founderland,NEUTRAL,founders|paradox|walking fast|earning less|dreaming of founderland,Startups & Entrepreneurship
Is hypnotizability related to risk-taking behavior?,NEUTRAL,hypnotizability|risk-taking behavior,Psychology & Neuroscience
Tenstorrent releases RISC-V based consumer AI accelerator board [video],POSITIVE,Tenstorrent|RISC-V|consumer AI accelerator board|video,Hardware & Gadgets
Ask HN: Is this a bad time to start college as a computer science major?,NEUTRAL,computer science|college|startup,Startups & Entrepreneurship
Is Philosophy Useful for Science; and/or Vice Versa?,NEUTRAL,philosophy|science|usefulness,Other
Thirty Observations at Thirty,POSITIVE,thirty|observations|positive,Digital Culture & Internet Trends
Ask HN: How to get participants for a CS research project?,POSITIVE,research project|computer science|participants|students|academics,Research & Academia
Students 'Surprising' Rebound from Pandemic Closures. Some May Never Catch Up,NEUTRAL,students|pandemic|closures|rebound|catch up,Education & Learning
Forward reasoning; dependency-directed backtracking for circuit analysis (1976) [pdf],POSITIVE,circuit analysis|dependency-directed backtracking|forward reasoning,Programming & Development
Running Doom on Biological Cells,NEGATIVE,Doom|biological cells|running|negative,Cybersecurity & Hacking
Stochastic Terrorism,NEGATIVE,Stochastic terrorism|AI|machine learning,Cybersecurity & Hacking
Supernova game: A space-based tower-defence style game with 4X elements,NEUTRAL,Supernova|game|tower defense|space-based|4X elements,Programming & Development
KOSA isn't designed to help kids,NEUTRAL,KOSA|kids|education,Productivity & Tools
Pg_analytics: Speeding Up Postgres Analytical Queries by 94x with Executor Hooks,POSITIVE,Postgres|Executor Hooks|speed up,Programming & Development
Apple refuses to relax its iron grip on iPhones in Europe,NEGATIVE,Apple|iPhones|Europe,Technology Updates
CSP vs SMT,NEUTRAL,csp|smt,Programming & Development
FTX says it will pay back customers..customers will 'eventually be paid in full',POSITIVE,FTX|customers|payment|full,Customer Service & Support
A Brief Summary of Evolutionary Design,NEUTRAL,evolutionary design|machine learning|AI|design patterns|software development,Programming & Development
Geoengineering may slow Greenland ice sheet loss,NEUTRAL,ge engineers|greenland ice sheet|climate change,Science & Space
Meta; TikTok; and other tech companies go to Congress,NEUTRAL,Meta|TikTok|Congress,Government & Politics
Why are wire money transfers so much easier in Europe than in North America?,NEUTRAL,wire transfer|money transfer|Europe|North America,Finance & Economics
ICANN Pushes to Replace the 192.168.x.x TLD,POSITIVE,ICANN|TLD|domain names|IP addresses,Technology Updates
Ask HN: How to remove UTM parameters from URLs in Chrome,NEUTRAL,Chrome|URLs|UTM parameters|removal,Programming & Development
Kando: The Cross-Platform Pie Menu,POSITIVE,Kando|cross-platform|pie menu,Programming & Development
Durable Delivery: Building Confidence in Distributed Systems,POSITIVE,distributed systems|confidence|delivery,Programming & Development
A plan to save democracy by ending homelessness; reducing the prison population,POSITIVE,homelessness|prison population|democracy,Society & Culture
Building SaaS products from within Webflow,POSITIVE,Webflow|SaaS|product development,Startups & Entrepreneurship
We built it: Smart Retries,POSITIVE,Smart Retries|startup|AI-powered,Startups & Entrepreneurship
CRISPR off-switches: A path towards safer genome engineering?,POSITIVE,CRISPR|genome engineering|off-switches|safety,Biotechnology & Health
Hearing aids slow cognitive decline in people at high risk,POSITIVE,hearing aids|cognitive decline|people at high risk,Health & Medicine
First time building an LMS: Offline first,POSITIVE,LMS|offline first|education|learning,Programming & Development
Show HN: LYML – a configuration format with the expressed goal of being readable,POSITIVE,LYML|configuration|format|readable,Programming & Development
Find Your Path with ESA,POSITIVE,ESA|career development|pathfinding,Career & Personal Growth
Show HN: State of Product Management Jobs (Dashboard),POSITIVE,product management jobs|job market|trends|growth,Startups & Entrepreneurship
Peppermint: Open Source Helpdesk Solution,POSITIVE,Peppermint|open source,Startups & Entrepreneurship
Show HN: Visualize the Entropy of a Codebase with a 3D Force-Directed Graph,POSITIVE,codebase|entropy|force-directed graph|visualization,Programming & Development
White Hole,NEUTRAL,white hole|space|black hole|gravity|science,Science & Space
Elon Musk's battle with Delaware is about more than a $55B pay package,NEUTRAL,Elon Musk|Delaware|$55B pay package,Corporate Governance & Business Ethics
Looking for Ideas on New Site,NEUTRAL,site|ideas|new|startup,Startups & Entrepreneurship
Deepfakes; trolls and cybertroopers: how social media could sway 2024 elections,NEGATIVE,deepfakes|trolls|cybertroopers|social media|elections,Cybersecurity & Hacking
Transcripts on Apple Podcasts,POSITIVE,Apple|Podcasts|transcripts,Digital Culture & Internet Trends
What is X-Forwarded-For; and when can you trust it?,NEUTRAL,X-Forwarded-For|trust|security,Cybersecurity & Hacking
PostgreSQL Extension Network (PGXN) Challenges,NEUTRAL,PostgreSQL|Extension Network|PGXN|challenges,Programming & Development
Show HN: Soar – Preflight Safety for General Aviation,POSITIVE,preflight safety|general aviation|safety technology|aviation industry,Safety & Security
Sony; Zee clashed over Russia assets; cricket deal before India deal collapse,NEUTRAL,Sony|Zee|Russia|cricket|deal,Other
How hard is it to cheat with ChatGPT in interviews?,NEUTRAL,ChatGPT|interviews|cheating,AI & Machine Learning
Algorithm = Logic and Control (1979) [pdf],NEUTRAL,Algorithm|Logic and Control,Programming & Development
Ask HN: Do you have any games on your phone?,NEUTRAL,phone|games,Digital Culture & Internet Trends
Goodbye to Aduhelm,NEUTRAL,Aduhelm|goodbye,Digital Culture & Internet Trends
We know nations go after critical systems; but what happens when crims join in?,NEUTRAL,critical systems|nations|crims,Cybersecurity & Hacking
Elon Musk Is Overpaid,NEGATIVE,Elon Musk|overpaid,Hardware & Gadgets
Standing on the shoulders of giants – ASML [video],POSITIVE,ASML|Netherlands|Semiconductor|Manufacturing,Technology Updates
The new 'Awesome Topics' repo,POSITIVE,Awesome Topics|repo,Startups & Entrepreneurship
I Spent a Day as an Airport Security Guinea Pig,NEUTRAL,airport security|security screening|travel,Other
Startups and Emotional Debt (2014),NEUTRAL,startups|emotional debt|founders|mental health,Startups & Entrepreneurship
PRC's State-Sponsored Cyber Actr Living Off the Land to Evade Detection [pdf],NEGATIVE,PRC|state-sponsored cyber actors|living off the land|evade detection,Cybersecurity & Hacking
Microsleeps: The naps that may only last seconds,NEUTRAL,microsleep|naps|second|sleep,Productivity & Tools
Ford Announces Free Tesla SuperCharger Adapters,POSITIVE,Ford|Tesla|SuperCharger|adapter,Technology Updates
Ask HN: Managing Myopia as a Developer,NEUTRAL,myopia|developer|eye health|vision care,Productivity & Tools
VART: A Persistent Data Structure for Snapshot Isolation,POSITIVE,VART|data structure|snapshot isolation,Programming & Development
Zuckerberg says Apple and Google should manage parental consent; not Meta,NEUTRAL,Meta|Facebook|parental consent|Apple|Google,Technology Updates
Sega AI,POSITIVE,Sega|AI|machine learning,AI & Machine Learning
Show HN: Intel Clear Linux,POSITIVE,Intel|Clear Linux|open source|security,Security & Hacking
ICANN proposes creating .INTERNAL domain to do the same job as 192.168.x.x,NEUTRAL,ICANN|domain|internal|network,Technology Updates
Ask HN: Finding an Old Post,POSITIVE,Ask HN|Finding an old post,Other
Lawmakers Seeking to Outlaw Rent Price Fixing Reported by Propublica,NEUTRAL,ProPublica|rent price fixing|lawmakers|outlaw,Other
Ask HN: Who should be the next Google CEO?,NEUTRAL,Google|CEO,Startups & Entrepreneurship
Our Prerequisites Are Never Enough for High Risk,NEGATIVE,high risk|prerequisites|never enough,Cybersecurity & Hacking
Benefits of Technology Partners for Cloud Infrastructure Implementation,POSITIVE,technology partners|cloud infrastructure implementation|benefits,Programming & Development
Social Media Company CEOs Testify on Online Child Sexual Exploitation [video],NEGATIVE,social media|child sexual exploitation|CEOs|testify,Cybersecurity & Hacking
Bounce Doctor – A free tool to check your email deliverability,POSITIVE,email|deliverability|tool|check,Programming & Development
Measuring Reynolds similitude in superfluids could help prove quantum viscosity,NEUTRAL,Reynolds|similitude|superfluids|quantum viscosity,Physics & Mathematics
KeePassXC's new passkey support reviewed,POSITIVE,KeePassXC|passkey support|review,Programming & Development
KOSA isn't designed to help kids,NEUTRAL,KOSA|kids|education,Productivity & Tools
LLaVA-1.6: Improved reasoning; OCR; and world knowledge,POSITIVE,LLaVA|reasoning|OCR|world knowledge,AI & Machine Learning
Observability N.0?,NEUTRAL,observability|north|startups,Startups & Entrepreneurship
Dumping Null Terminated Strings,NEUTRAL,null-terminated strings|strings|dumping,Programming & Development
Ground-Effect Vehicle to Carry Passengers Around Hawaii,POSITIVE,ground-effect vehicle|passenger transportation|Hawaii,Transportation & Mobility
All Hail King Pokémon,POSITIVE,Pokémon|King|Pikachu|Nintendo,Digital Culture & Internet Trends
Show HN: Cyclops – customizable open-source UI for your Kubernetes workloads,POSITIVE,Kubernetes|UI|open-source|customizable,Programming & Development
FBI director warns that Chinese hackers are preparing to 'wreak havoc' on US,NEGATIVE,FBI|Chinese hackers|US|hacking,Cybersecurity & Hacking
Continuous Dependency Funding,POSITIVE,continuous deployment|dependency funding|startups|investment,Startups & Entrepreneurship
Pipe: How the System Call That Ties Unix Together Came About,NEUTRAL,Pipe|System call|Unix|Ties,Programming & Development
Mistral: […] employee of one of our early access customers leaked [an] old model,NEGATIVE,Mistral|employee|leak|old model,Cybersecurity & Hacking
Show HN: Build tiny AI apps by chaining prompts together,POSITIVE,AI|machine learning|prompts|app development,Programming & Development
Show HN: Rebels in the sky – a terminal game about anarchist space pirates,POSITIVE,anarchist|space|pirates|terminal|game,Digital Culture & Internet Trends
Import Attributes,POSITIVE,import|attributes|Python|programming,Programming & Development
EndeavourOS Galileo Neo Released,POSITIVE,EndeavourOS|Galileo|Neo|released,Programming & Development
Show HN: Go index me – Get indexed by Google on auto-pilot,POSITIVE,Google|indexing|auto-pilot,Technology Updates
The sun's poles are about to flip,NEUTRAL,sun|poles|flip|solar activity|space weather,Science & Space
Security giant Proofpoint is laying off 280 employees; about 6% of its workforce,NEGATIVE,Proofpoint|layoffs,Cybersecurity & Hacking
Climate change will require more cooling for Honolulu multifamily buildings,NEUTRAL,Honolulu|multifamily buildings|climate change|cooling,Technology Updates
Ask HN: Why does the ChatGPT app perform much faster than the Web version?,NEUTRAL,ChatGPT|app|performance|speed,Programming & Development
Mustang Mach-Es Are Piling Up on Dealer Lots; and Ford Wants Them Gone,NEUTRAL,Ford|Mustang Mach-Es|dealer lots,Other
Big Tech CEOs Testify About Protecting Children Online [video],NEUTRAL,Big Tech|CEOs|children|online|protection,Digital Culture & Internet Trends
How to Tell If a Prospective Workplace Is Toxic,NEUTRAL,workplace|toxicity|culture| Employee Experience,Workplace Culture & Management
Cursorless: Voice Coding at the Speed of Thought,POSITIVE,voice coding|cursorless|speed of thought|machine learning,Programming & Development
Ask HN: Roast My Startup,POSITIVE,startup|roasting|humor,Digital Culture & Internet Trends
Tool Invocation – Demonstrating the Marvel of GPT's Flexibility,POSITIVE,GPT|flexibility|marvel,AI & Machine Learning
Looking for back end software engineering jobs,NEUTRAL,jobs|back end software engineering|engineering,Programming & Development
Out-of-bounds read and write in glibc's qsort(),NEGATIVE,glibc|qsort|out-of-bounds|read|write|security,Cybersecurity & Hacking
The Elephant in the room: The myth of exponential hypergrowth,NEUTRAL,exponential growth|myth|startups|entrepreneurship,Startups & Entrepreneurship
How Tech Outstayed Its Welcome,NEUTRAL,tech industry|innovation|disruption|regulation,Other
240 Tokens/s achieved by Groq's custom chips on Lama 2 Chat (70B),POSITIVE,Groq|custom chips|Lama 2 Chat|Tokens/s,Programming & Development
I used ChatGPT to chat to 5239 girls before I proposed to the right one,POSITIVE,ChatGPT|girls|proposed,Love & Relationships
Akamai's VPC Is Now in GA,POSITIVE,Akamai|VPC|GA,Technology Updates
Have coding interviews gotten harder?,NEUTRAL,coding interviews|difficulty|skills|interview process,Programming & Development
We prevented financial loses in a SaaS app,POSITIVE,SaaS|financial losses|prevention,Productivity & Tools
Winning these hard challenges doesn't even get you to the screening interview,NEGATIVE,winning|hard challenges|screening interview,Programming & Development
It's Time the Word "Oligarch" Lost Its Russian Veneer,NEUTRAL,oligarch|Russia|Putin|politics,Politics & Government
Roundup of Events for Bootstrappers in February 2024,POSITIVE,bootstrappers|February 2024|events,Startups & Entrepreneurship
Show HN: 2x Faster Stable Diffusion Models on Hugging Face with Pruna AI,POSITIVE,Pruna AI|stable diffusion models|Hugging Face,AI & Machine Learning
Ask HN: How would you approach mastering a skill ASAP?,POSITIVE,skill|mastery|learning|productivity,Productivity & Tools
Mark Zuckerberg Take Me Home Country Roads Music West Virginia [video],NEUTRAL,Mark Zuckerberg|Take Me Home Country Roads|Music|West Virginia,Digital Culture & Internet Trends
Apple is turning developers against Vision Pro before it even arrives,NEGATIVE,Apple|Vision Pro|developers,Cybersecurity & Hacking
IPC: Shared Memory,NEUTRAL,ipc|shared memory,Programming & Development
The A.I. Dilemma (2023) [video],NEUTRAL,AI|dilemma|ethics|responsibility|technology,Other
NASA/fprime: F´ – A flight software and embedded systems framework,POSITIVE,NASA|flight software|embedded systems|framework,Technology Updates
Mars Helicopter Presentation – 2019 Workshop on Spacecraft Flight Software [video],NEUTRAL,Mars|helicopter|presentation|workshop|spacecraft|flight|software,Technology Updates
Adding ActivityPub to your static site,POSITIVE,ActivityPub|static site|github,Programming & Development
I've Created a Email Security Solution,POSITIVE,email security|solution|cybersecurity,Cybersecurity & Hacking
The Power of Prolog,POSITIVE,Prolog|programming language|artificial intelligence|machine learning,AI & Machine Learning
NASA's Webb Depicts Staggering Structure in 19 Nearby Spiral Galaxies,POSITIVE,NASA|Webb|spiral galaxies|astronomy|space exploration,Science & Space
Dolphin: Mastering the Art of Automated Droplet Movement,POSITIVE,dolphin|automated droplet movement|mastery,Programming & Development
Sbtrkt; a Big Zoetrope,NEUTRAL,Sbtrkt|Big Zoetrope,Other
Differ: Tool for testing and validating transformed programs,POSITIVE,Differ|testing|validation|programming,Programming & Development
A bold new take on quantum theory could reveal how reality emerges,POSITIVE,quantum theory|reality|emergence,Science & Space
The U.S. Is Spoiled by Cheap Canadian Oil. That's About to Change,NEUTRAL,Canada|oil|energy|supply|demand,Economy & Finance
Apple's ATT privacy policy reduced orders and revenue for Shopify merchants,NEGATIVE,Apple|ATT|privacy policy|Shopify|merchants,Cybersecurity & Hacking
Show HN: Pg_analytics – Speed Up Postgres Analytical Queries by 94x,POSITIVE,Postgres|Pg_analytics|speed up|analytical queries|94x,Programming & Development
New magnets could accelerate climate action,POSITIVE,magnets|climate change|accelerate|action,Technology Updates
Man Who Sued 'Are We Dating the Same Guy?' Groups Files Class Action Lawsuit,NEUTRAL,class action lawsuit|group|files,Legal & Law
Launch HN: Encord (YC W21) – Unit testing for computer vision models,POSITIVE,Encord|YC|W21|unit testing|computer vision|models,Programming & Development
Generative art Open Graph preview images,POSITIVE,generative art|Open Graph|preview images,Digital Culture & Internet Trends
Forgetti: Solve your hook spaghetti; inspired by React Forget,POSITIVE,React|Forget|Hook Spaghetti,Programming & Development
Y Combinator CEO Garry Tan's online rant spurs threats to supes; police reports,NEGATIVE,Y Combinator|Garry Tan|online rant|threats|police reports,Cybersecurity & Hacking
Developer Tools of 2023 – StackShare,POSITIVE,StackShare|developer tools|2023,Productivity & Tools
Reading Prices in Grocery Stores Using AI,POSITIVE,grocery stores|AI|pricing|optimization,Programming & Development
The Timing of Baby Making,POSITIVE,baby making|timing|fertility|reproductive health|family planning,Reproductive Health & Family Planning
Get an App for Mastodon,POSITIVE,Mastodon|app|social media,Digital Culture & Internet Trends
Novo Nordisk Gradually Increasing Supply of Blockbuster Weight-Loss Drug Wegovy,POSITIVE,Novo Nordisk|Wegovy|weight-loss drug,Medicine & Health
Tilde,POSITIVE,Tilde|AI|Machine Learning|startup,Startups & Entrepreneurship
Alzheimer's disease acquired from historic medical treatments,NEGATIVE,Alzheimer's disease|medical treatments|historic|acquired,Health & Medicine
Ask HN: Why doesn't a 4k rendered game look as real as a DVD resolution movie?,NEUTRAL,gaming| graphics|resolution|realism|movies|DVD,Programming & Development
Cory Doctorow has a plan to wipe away the enshittification of tech,POSITIVE,Cory Doctorow|tech|ensoitution,Digital Culture & Internet Trends
A Cycle of Misery: The Business of Building Commercial Aircraft,NEGATIVE,commercial aircraft|business|misery|cycle,Other
The Deadlock Empire – Slay dragons; master concurrency,NEUTRAL,dragons|concurrency,Programming & Development
I don't like the word "Just",NEUTRAL,word|just|language,Digital Culture & Internet Trends
RHIP; doctors; and pagers: Why do doctors still use pagers?,NEUTRAL,doctors|pagers|medical field,Digital Culture & Internet Trends
AWS is estimated to make $400M to $1B with the new IPv4 charge,NEUTRAL,AWS|IPv4|charge|$400M|$1B,Technology Updates
The Life Model,POSITIVE,life model|AI|machine learning|healthcare|medical research,AI & Machine Learning
Cloudflare's Rust service foundations library,POSITIVE,Cloudflare|Rust|service foundations library,Programming & Development
Guide to Full Disk Encryption with TPM and Secure Boot,POSITIVE,full disk encryption|TPM|secure boot|encryption,Security & Privacy
Ask HN: Tips for Moving to the Valley?,POSITIVE,moving|Valley|tips,Startups & Entrepreneurship
Mozilla's Biggest AI Moments,POSITIVE,Mozilla|AI moments|Artificial Intelligence|Machine Learning,AI & Machine Learning
Elon Musk says Neuralink startup has implanted a chip in its first human brain,POSITIVE,Neuralink|Elon Musk|chip|human brain,Startups & Entrepreneurship
Cloud Startups to Watch in 2024,POSITIVE,cloud computing|startups|2024,Startups & Entrepreneurship
Passive exposure to task-relevant stimuli enhances categorization learning,POSITIVE,cognitive enhancement|stimuli|learning|neural plasticity,AI & Machine Learning
KDE's Megarelease 6 – Release Candidate 2,POSITIVE,KDE|Megarelease|6|Release Candidate|2,Programming & Development
Using Apple Vision Pro: What It's Like (Mkbhd) [video],POSITIVE,Apple|Vision Pro|MKBHD,Productivity & Tools
Horner's Method,POSITIVE,Horner's Method|machine learning|AI,AI & Machine Learning
A curious history of beds through the centuries,NEUTRAL,beds|history|centuries,Digital Culture & Internet Trends
Show HN: Encrypted Credit Card Approval Using Homomorphic Encryption,POSITIVE,homomorphic encryption|credit card|approval|encryption,Cryptography & Security
A Notorious Pitchfork Reviewer Was My Biggest Musical Influence,POSITIVE,pitchfork|musical influence|influence,Digital Culture & Internet Trends
Time reversibility during the ageing of materials,NEUTRAL,time reversibility|ageing of materials|reversible aging,Science & Space
Joe Biden on Decision to Pause Pending Approvals of Liquefied Natural Gas,NEUTRAL,Joe Biden|pause|pending approvals|liquefied natural gas,Government & Politics
Researchers say generative AI isn't replacing devs any time soon,NEUTRAL,generative AI|devs|replacement,Programming & Development
OpenGL rendering engine written in pure C++,POSITIVE,OpenGL|C++|rendering engine,Programming & Development
Jenkins jitters as 45k servers still vulnerable RCE attacks after patch released,NEGATIVE,Jenkins|servers|vulnerability|RCE|patch|security,Cybersecurity & Hacking
It's true; LLMs are better than people – at creating convincing misinformation,NEGATIVE,LLMs|misinformation|convincing,Cybersecurity & Hacking
Show HN: Test how good you are at spotting AI generated content !,NEUTRAL,AI generated content|testing,Programming & Development
Show HN: Vim Pangea – the easiest way to remove API keys inside Vim,POSITIVE,Vim|Pangea|API keys|removal,Programming & Development
Conformance Should Mean Something – fputc; and Freestanding (2022),POSITIVE,fputc|freestanding|conformance,Programming & Development
Investors threw 50% less money at quantum last year,NEGATIVE,quantum|investment,Finance & Economics
Chris Dixon's Read Write Own,POSITIVE,Read Write Own|Chris Dixon|startups,Startups & Entrepreneurship
Windows 3.11 trundles on as job site pleads for driver updates on German trains,NEUTRAL,Windows 3.11|German trains|driver updates|job site,Technology Updates
‎ Responsive Open-Source Developer Portfolio Using Next.js,POSITIVE,Next.js|developer portfolio|responsive design,Programming & Development
Rest in Peace Dad,NEGATIVE,father|death,Digital Culture & Internet Trends
ksql,POSITIVE,Kafka|SQL|data processing|big data,Programming & Development
R Street Institute Concerns about the Kids Online Safety Act,NEGATIVE,Kids Online Safety Act|R Street Institute|concerns|criticism,Cybersecurity & Hacking
Achieving Safe; Aliasable Mutability with Unboxed Types,POSITIVE,mutability|unboxed types|safe|aliasable,Programming & Development
How the 2024 Total Solar Eclipse Is Different Than the 2017 Eclipse,POSITIVE,solar eclipse|2024|total solar eclipse|2017,Astronomy & Space
Show HN: Transcribe and Archive Live Phone Conversations,POSITIVE,transcription|phone conversations|archive|ai,AI & Machine Learning
We can still make a "good" economy much better,POSITIVE,economy|better|improvement,Productivity & Tools
Programming languages endorsed for server-side use at Meta (2022),POSITIVE,Meta|programming languages|server-side|endorsement,Programming & Development
Introductory Study of Ultra-High Frequency Forex Spot Rate Data,NEUTRAL,forex|spot rate|ultra-high frequency|data analysis,Programming & Development
Box–Muller Transform,NEUTRAL,box-muller transform|algorithm|random number generator,Programming & Development
The Only 3 Actors Still Alive from the Cast of Star Trek: The Original Series,NEUTRAL,Star Trek|Original Series|cast|actors|alive,Digital Culture & Internet Trends
LEDs Change Everything,POSITIVE,LEDs|lighting|innovation|technology,Productivity & Tools
Passkeys Adoption Trends: Survey from Large Deployments,POSITIVE,passkeys|survey|large deployments,Security & Privacy
Tabletop device teaches you sailing before hopping on board a real boat,NEUTRAL,sailing|tabletop device|real boat,Other
Wipro to lay off hundreds of mid-level employees to improve margins,NEGATIVE,Wipro|layoffs|mid-level employees,Corporate & Finance
WebAssembly and WASI reaches Preview 2 milestone [video],POSITIVE,WebAssembly|WASI|Preview 2|milestone|video,Programming & Development
Lamborghini will make hybrid versions of all its cars to cut its CO2,POSITIVE,Lamborghini|hybrid|cars|CO2,Technology Updates
Unboxing the Tenstorrent Grayskull AI Developer Kit,POSITIVE,Tenstorrent|Grayskull|AI Developer Kit,Hardware & Gadgets
Elon Musk sees $56B Tesla pay deal cancelled in Delaware court,NEGATIVE,Tesla|Elon Musk|$56B,Cybersecurity & Hacking
A Medieval Murder Map Helped Solve a 700-Year-Old London Cold Case,POSITIVE,medieval|murder|map|cold case|London,Digital Culture & Internet Trends
The WWII Treasure Map That Caused a Modern Day Hunt,NEUTRAL,treasure map|WWII|history|map|hunt,Other
Announcing TypeScript 5.4 Beta,POSITIVE,TypeScript|5.4 beta|announcement|beta testing,Programming & Development
SpaceX's Starship to launch 'Starlab' private space station in late 2020s,POSITIVE,SpaceX|Starship|Starlab|private space station|late 2020s,Technology Updates
Rare 'Aurora Curls' Photographed,NEUTRAL,Aurora|c curls|photography,Digital Culture & Internet Trends
When frogs can't croak to get a mate; they dance,NEUTRAL,frogs|mating|dancing,Digital Culture & Internet Trends
Williamsburg. What Happened? A timeline of total transformation in Brooklyn,NEUTRAL,Brooklyn|Williamsburg|transformation|timeline,Digital Culture & Internet Trends
New 'Obelisks' Class of Life Has Been Found in the Human Digestive System,NEUTRAL,obelisks|human digestive system|microbiome,Science & Space
What's new in Astro – January 2024,NEUTRAL,Astro|January 2024,Technology Updates
Building a Network Stack for Our Browser Extension,POSITIVE,network stack|browser extension,Programming & Development
Musk startup implanted a brain chip into a human. Gupta explains how it works,NEUTRAL,Elon Musk|Neuralink|brain chip|human trial,Other
ChatGPT with Data Privacy,POSITIVE,ChatGPT|Data Privacy,AI & Machine Learning
Fiber Optics Bring You Internet. Now They're Also Listening to Trains,NEUTRAL,fiber optics|internet|trains|listening,Technology Updates
Infinite Craft,NEUTRAL,Infinite Craft|gaming platform,Startups & Entrepreneurship
PGA Tour secures up to $3B from U.S. investors,POSITIVE,PGA Tour|investors|funding|$3B,Finance & Investments
Lottie is now a part of the Linux foundation,POSITIVE,Lottie|Linux Foundation,Startups & Entrepreneurship
Seeking Advice on Real-World Projects in JavaScript and React for Job Readiness,NEUTRAL,JavaScript|React|real-world projects|job readiness,Programming & Development
How one woman escaped the conspiracy theory trap that has ensnared millions,POSITIVE,conspiracy theory|trap|escaped,Digital Culture & Internet Trends
Stop trying to replicate ReBAC type permissions using roles or attributes,NEUTRAL,ReBAC|permissions|roles|attributes,Programming & Development
Webb telescope reveals breathtaking structure of galaxies,POSITIVE,telescope|galaxies|structure,Science & Space
Ask HN: What is the best way to learn Unreal Engine 5?,POSITIVE,Unreal Engine 5|learning|game development,Programming & Development
Jones Act Contributions to Offshore Wind Difficulties,NEUTRAL,Jones Act|offshore wind|difficulties,Other
Adobe gives up on web-design product to rival Figma after deal collapse,NEGATIVE,Adobe|Figma|web-design,Startups & Entrepreneurship
The uses and limits of quantum key distribution [pdf],NEUTRAL,quantum key distribution|security|encryption|physics,Cybersecurity & Hacking
Show HN: I wrote a Script to auto-remove SSNs; Emails; etc. from ChatGPT prompts,POSITIVE,ChatGPT|prompts|automated removal|personal information,AI & Machine Learning
Which platforms will be caught by the EU's Digital Markets Act?,NEUTRAL,EU's Digital Markets Act|platforms|regulation,Regulatory & Policy
The Far Side – By Gary Larson,POSITIVE,comics|Gary Larson|Far Side,Digital Culture & Internet Trends
Bytecode Alliance Plumber's Summit 2024 [video],POSITIVE,Bytecode Alliance|Plumber's Summit 2024|video,Digital Culture & Internet Trends
Tech CEOs to face tough questions on child safety online,NEUTRAL,tech ceos|child safety|online,Cybersecurity & Hacking
Contexts; Friction and Distractions,NEUTRAL,context|friction|distraction,Productivity & Tools
First 'thermodynamic computer' uses random noise to calculate,POSITIVE,thermodynamic computer|random noise|calculation,Programming & Development
DIY Peristaltic Pump (2015),POSITIVE,peristaltic pump|diy|hacking,Hardware & Gadgets
Research ramps up but PFAS pollution remains tough to tackle,NEUTRAL,PFAS pollution|research|remediation,Environment & Sustainability
Note: Easily implement distributed training; machine learning library,POSITIVE,distributed training|machine learning library,Programming & Development
Embracing Winter Tranquility,POSITIVE,Winter Tranquility|space|science|technology,Space & Science
Brought to You by BlackRock: Airports; Pipelines and Data Centers,NEUTRAL,BlackRock|airports|pipelines|data centers,Technology Updates
The Enlightening Beauty of an Einstein Ring,POSITIVE,Einstein Ring|astrophysics|cosmology|beauty,Astronomy & Space
Show HN: Music video made out of browser pop-up windows,POSITIVE,browser|pop-up|windows|music video,Digital Culture & Internet Trends
HuggingFace Library for Large Scale Text Deduplication,POSITIVE,HuggingFace|text deduplication|Large scale,Programming & Development
Why do programmers need private offices with doors?,NEUTRAL,programmers|private offices|doors,Workplace & Culture
Syntackle.live Is Now Syntackle.com,POSITIVE,Syntackle.live|Syntackle.com,Domain Name Update
Ask HN: What happened to the car loan calculator tool on Google?,NEUTRAL,Google|car loan calculator|tool,Other
Quantum computer with 5-qubit chips launched,POSITIVE,quantum computer|5-qubit chips|quantum computing|technology advancement,Technology Updates
Ask HN: Resources for kids/teens to learn programming,POSITIVE,programming|kids|teens|learning,Programming & Development
AI-powered robot read Braille at lightning speeds,POSITIVE,robot|Braille|artificial intelligence,AI & Machine Learning
Physicists Find Groundbreaking Evidence Time Is Reversible Within Glass,POSITIVE,time|reversibility|glass|physics,Science & Space
How Much Life Has Ever Existed on Earth; and How Much Ever Will?,NEUTRAL,life|existence|Earth|history|future,Science & Space
Tiny Version of a Human Heart on a Chip Beats Like the Real Thing,POSITIVE,heart on a chip|human heart|beats|real thing,Medical & Health
New drug candidate can shrink kidney cysts,POSITIVE,kidney cysts|drug candidate|shrinkage,Medicine & Health
The Vision Pro is a computer for the age of walled gardens,POSITIVE,computer|walled garden|privacy|security,Digital Culture & Internet Trends
Do custom prompts yield significantly better results? if yes; why?,NEUTRAL,custom prompts|better results,Programming & Development
RavenDB 6.0.2 (A Jepsen Report),POSITIVE,RavenDB|Jepson report|database|performance,Programming & Development
What I Found in San Francisco,POSITIVE,San Francisco|startups|innovation|tech hub,Startups & Entrepreneurship
Photos of Silicon Valley,POSITIVE,Silicon Valley|photos,Digital Culture & Internet Trends
Colorful Stack Traces on a Synthesizer,NEUTRAL,synthesizer|colorful stack traces,Programming & Development
Compliant container applications with the OSADL Docker Base Image (2021) [pdf],POSITIVE,Docker|containerization|OSADL|application security,Programming & Development
What Can Be Done in 59 Seconds: An Opportunity (and a Crisis),NEUTRAL,opportunity|crisis|innovation|technology,Other
Marble – Open-Source real-time fraud and AML monitoring,POSITIVE,Marble|open-source|real-time|fraud|AML|monitoring,Cybersecurity & Hacking
Ask HN: What was your most successful project?,POSITIVE,project|successful|hacker news,Startups & Entrepreneurship
Show HN: See live changes to Open Street Map in a relaxing musical way,POSITIVE,OpenStreetMap|live updates|musical|relaxing,Digital Culture & Internet Trends
Queer.af Shutdown,NEGATIVE,Queer.af|shutdown|LGBTQ+ community,Digital Culture & Internet Trends
Display Leadtimes Reduced (& We're Hiring an EE),POSITIVE,hiring|electrical engineer|leadtimes|reduction,Startups & Entrepreneurship
For Gen Z; anime is bigger than the NFL,POSITIVE,anime|Gen Z|NFL,Digital Culture & Internet Trends
Ask HN: DevOps founders pre-product; how did you make your first sale?,POSITIVE,DevOps|founders|pre-product|first sale,Startups & Entrepreneurship
ChatGPT for Radical Self-Betterment,POSITIVE,ChatGPT|self-betterment|radical self-improvement,Productivity & Tools
Show HN: Kasper – Practice interview with a conversational AI interviewer,POSITIVE,Kasper|conversational AI|interview|practice|AI,AI & Machine Learning
Learning 3D physics simulators from video,NEUTRAL,physics|simulation|video|learning,Programming & Development
ChaCha20-BLAKE3: A fast and secure Stream/AEAD encryption cipher,POSITIVE,ChaCha20|BLAKE3|encryption|cipher|security|speed,Cryptography & Security
Iris Keyboard Compact Edition,POSITIVE,Iris Keyboard|Compact Edition,Productivity & Tools
Show HN: Napp.pro – Nifty Fast Safe Apps for the Web,POSITIVE,napp.pro|fast|safe|web apps,Startups & Entrepreneurship
Neovim is 10 years old today,POSITIVE,Neovim|text editor|open-source|software,Programming & Development
NYC Parents Pay $120k per Year for Ivy League Admissions Consultants,NEGATIVE,Ivy League|admissions consultants|parents|$120k,Other
What (book) should Stripe Press reprint?,NEUTRAL,Stripe|Press|reprint|book,Other
CTO/Co-founder at the most ambitious startup,POSITIVE,startup|ambitious|CTO|co-founder,Startups & Entrepreneurship
Debugging Python,POSITIVE,Python|debugging|programming,Programming & Development
Ask HN: Thoughts on Overemployment?,NEUTRAL,overemployment|thoughts|opinions,Other
Ask HN: Best way to create an AI chat interface for consulting a book content?,POSITIVE,AI|chat interface|book content|consulting,AI & Machine Learning
Macaroons Escalated Quickly,NEUTRAL,macaroons|escalation|quickly,Other
Debt vs. Equity: Whats the Difference?,NEUTRAL,debt|equity|finance|investment,Finance & Economics
Show HN: Chat Interface for OpenAI Assistants,POSITIVE,OpenAI|assistant|chat interface,AI & Machine Learning
Binance Code and Internal Passwords Exposed on GitHub for Months,NEGATIVE,Binance|github|code|passwords|security,Cybersecurity & Hacking
Bodily maps of musical sensations across cultures,NEUTRAL,bodily|maps|musical|sensations|cultures,Science & Space
First Bird Flu Deaths Reported in Antarctic Penguins,NEGATIVE,bird flu|penguins|deaths|Antarctic,Animals & Wildlife
"Old Smokers": Astronomers discover previously unknown type of star,NEUTRAL,astronomers|star|new discovery,Science & Space
The Northern Lights Make Music,POSITIVE,Northern Lights|music|astrophysics,Science & Space
Why the biggest EV maker is getting into shipping,POSITIVE,Tesla|electric vehicles|shipping|logistics,Startups & Entrepreneurship
Ask HN: Why would my Apple Id password no longer work?,NEUTRAL,Apple|password|login|issues,Technology Updates
The U.S. and China Want the Same Landing Spot for Upcoming Moon Missions,NEUTRAL,moon|missions|U.S.|China|landing,Space
Forget Something? You're Supposed to Do That,POSITIVE,forget something|supposed to do that,Productivity & Tools
The Clock of Flowing Time,NEUTRAL,clock|time|flowing,Digital Culture & Internet Trends
Ask HN: Is there a single purpose device to listen to podcasts?,NEUTRAL,podcasts|device|listen,Digital Culture & Internet Trends
Fixing a Gap in the SEP Regulation,POSITIVE,SEP regulation|gap|fixing|regulatory|framework,Government & Policy
Why Login Failures Matter,NEUTRAL,Login|failure|security,Cybersecurity & Hacking
Reverse-Engineering a Scoreboard Display,NEUTRAL,scoreboard|reverse-engineering|display|technology,Programming & Development
Why US drivers may be thinking about EVs all wrong,POSITIVE,electric vehicles|US drivers|wrong thinking,Technology Updates
Association of Hormonal Contraception with Suicide Attempts and Suicides,NEGATIVE,hormonal contraception|suicide attempts|suicides,Mental Health & Wellness
Why the U.S. Media Industry Is in Meltdown,NEGATIVE,U.S. media industry|meltdown|decline|journalism|democracy,Other
Show HN: Flux Player; the Missing OS for LLMs,POSITIVE,Flux Player|LLMs|operating system|machine learning,AI & Machine Learning
Sin-Eater,POSITIVE,Sin-Eater|AI|machine learning|natural language processing,AI & Machine Learning
Reinventing Network Monitoring and Observability with Kentik AI,POSITIVE,Kentik|AI|network monitoring|observability,Startups & Entrepreneurship
Extraction of raw materials to rise by 60% by 2060; says UN report,POSITIVE,raw materials|extraction|rise|UN report,Resource Management
Lightspeed taps private equity playbook as it eyes $1B asset sale,POSITIVE,Lightspeed|private equity|asset sale,Startups & Entrepreneurship
Cameroon starts world-first malaria mass vaccine rollout,POSITIVE,malaria|vaccine|rollout|Cameroon,Health & Medicine
Self-Control as a Performance-Enhancing Drug,NEUTRAL,self-control|performance-enhancing drug|productivity,Productivity & Tools
LangChain Support for Workers AI; Vectorize and D1,POSITIVE,LangChain|Workers AI|Vectorize|D1,Programming & Development
Using Gemini Models in Go with LangChainGo,POSITIVE,Gemini Models|Go|LangChainGo,Programming & Development
Auto Running Scripts and Applications in Embedded Linux,NEUTRAL,Embedded Linux|Auto Running Scripts|Applications,Programming & Development
Jony Ive tried to discontinue the MacBook Air,NEUTRAL,Jony Ive|MacBook Air,Other
Ask HN: Is the job market is bad as everyone claims it is?,NEUTRAL,job market|employment|labor market|economy,Other
The global greening continues despite droughts,POSITIVE,greening|global|droughts,Environment & Sustainability
Ask HN: Any good Silicon Valley Photo coffee table books?,POSITIVE,Silicon Valley|Photography|coffee table book,Digital Culture & Internet Trends
An AI-Generated Content Empire Is Spreading Fake Celebrity Images on Google,NEGATIVE,AI-generated content|fake celebrity images|Google,Cybersecurity & Hacking
Fourays: AY-3-8910 Synthesizer (Part 1),NEUTRAL,Fourays|AY-3-8910|synthesizer|musical instrument|retro technology,Hardware & Gadgets
Microservices for the Benefits; Not the Hustle,POSITIVE,microservices|benefits|hustle,Programming & Development
Slint 1.4 Released with Additional Look and Improved APIs,POSITIVE,Slint|1.4|release|additional look|improved APIs,Programming & Development
By chance I documented a shark's power to regenerate its sabotaged fin,POSITIVE,shark|regeneration|fin|sabotage,Nature & Wildlife
Ask HN: Which custom GPTs do you like and use regularly; if any?,POSITIVE,GPT|custom|AI|machine learning,AI & Machine Learning
Why BYD is breaking into shipping,POSITIVE,BYD|shipping,Startups & Entrepreneurship
The Big TDD Misunderstanding,NEUTRAL,test-driven development|TDD|agile development|software development,Programming & Development
The Reality of the Danish Fairytale,NEUTRAL,Danish fairytale|reality,Digital Culture & Internet Trends
How You Average Matters,POSITIVE,average|matters|success|failure,Productivity & Tools
Show HN: Earth Compute – open-source AI bounties,POSITIVE,AI|bounty|open-source|Earth Compute,AI & Machine Learning
Errno and Libc,NEUTRAL,errno|libc,Programming & Development
Cryonics Cost-Benefit Analysis,NEUTRAL,cryonics|cost-benefit analysis|life extension,Science & Space
Godot 4.3 Game Engine to Feature Native Wayland Support,POSITIVE,Godot|Game Engine|Native Wayland Support,Programming & Development
Show HN: Domain Generator (Simple),POSITIVE,domain generator|simple,Programming & Development
Alphabet stock slips after missing expectations on Google ad revenue,NEGATIVE,Alphabet|Google|ad revenue|stock market,Finance & Economy
Shaka Zulu: The Life of Africa's Legendary Warrior King,POSITIVE,Africa|warrior|king|Shaka Zulu,Other
New Ransomware Reporting Requirements Kick In; Victims Increasingly Avoid Paying,NEGATIVE,ransomware|reporting requirements|victims|paying,Cybersecurity & Hacking
Code Coverage for Arbitrary Languages Made Easy [pdf],POSITIVE,code coverage|arbitrary languages|easy,Programming & Development
Prefer table driven tests (2019),POSITIVE,table-driven tests|2019,Programming & Development
Show HN: Alternative framework for OpenAI document agent for all models,POSITIVE,OpenAI|document agent|alternative framework,Programming & Development
Towards modern development of cloud applications,NEUTRAL,cloud applications|modern development|technology,Programming & Development
Thank You for Unsubscribing,POSITIVE,unsubscribe|email|newsletter,Digital Culture & Internet Trends
Antiviral color nanocoating technology,POSITIVE,antiviral|color|nanocoating|technology,Productivity & Tools
Does fermion doubling make the universe not a computer?,NEUTRAL,fermion|doubling|universe|computer,Science & Space
Show HN: Oldest Search – A Google search ordered by oldest first,POSITIVE,Google|search|history|oldest,Technology Updates
'Exemplar' digital hospitals trust hit by multiple tech-related traumas,NEGATIVE,Exemplar|digital hospitals|tech-related traumas,Cybersecurity & Hacking
China's Censorship Dragnet Targets Critics of the Economy,NEGATIVE,censorship|china|economy|critics,Cybersecurity & Hacking